CREATE DATABASE `emr_xdb` /*!40100 DEFAULT CHARACTER SET utf8 */;
-- MySQL dump 10.13  Distrib 5.7.38, for osx10.17 (x86_64)
--
-- Host: 10.49.0.86    Database: xdb
-- ------------------------------------------------------
-- Server version	5.7.18-txsql-log



use `emr_xdb`;
--
-- Table structure for table `BUCKETS`
--

DROP TABLE IF EXISTS `BUCKETS`;
/*!40101 SET @saved_cs_client     = @@character_set_client */;
/*!40101 SET character_set_client = utf8 */;
CREATE TABLE `BUCKETS` (
                           `ID` varchar(32) NOT NULL,
                           `BUCKETS_NAMESPACE` varchar(500) DEFAULT NULL,
                           `BUCKETS_SCHEMA` varchar(500) DEFAULT NULL,
                           `BUCKETS_TABLE` varchar(500) DEFAULT NULL,
                           `BUCKETS_COLUMNS` varchar(500) DEFAULT NULL,
                           `BUCKETS_VALUE` bigint(20) DEFAULT NULL,
                           `BUCKETS_WE` varchar(500) DEFAULT NULL,
                           `DATA_COUNT` bigint(20) DEFAULT NULL,
                           `CREATE_TIME` bigint(20) DEFAULT NULL,
                           PRIMARY KEY (`ID`)
) ENGINE=InnoDB DEFAULT CHARSET=utf8;
/*!40101 SET character_set_client = @saved_cs_client */;

--
-- Dumping data for table `BUCKETS`
--


--
-- Table structure for table `CN`
--

DROP TABLE IF EXISTS `CN`;
/*!40101 SET @saved_cs_client     = @@character_set_client */;
/*!40101 SET character_set_client = utf8 */;
CREATE TABLE `CN` (
                      `ID` varchar(32) NOT NULL,
                      `CN_IP` varchar(500) DEFAULT NULL,
                      `CN_NAME` varchar(500) DEFAULT NULL,
                      `CREATE_TIME` bigint(20) DEFAULT NULL,
                      PRIMARY KEY (`ID`)
) ENGINE=InnoDB DEFAULT CHARSET=utf8;
/*!40101 SET character_set_client = @saved_cs_client */;

--
-- Dumping data for table `CN`
--

# INSERT INTO `CN` VALUES ('20220616123153726495530434166672','10.49.1.34','CN2',0);

--
-- Table structure for table `COLUMNS`
--

DROP TABLE IF EXISTS `COLUMNS`;
/*!40101 SET @saved_cs_client     = @@character_set_client */;
/*!40101 SET character_set_client = utf8 */;
CREATE TABLE `COLUMNS` (
                           `ID` varchar(32) NOT NULL,
                           `COLUMN_NAMESPACE` varchar(500) DEFAULT NULL,
                           `COLUMN_SCHEMA` bigint(20) DEFAULT NULL,
                           `COLUMN_TABLE` bigint(20) DEFAULT NULL,
                           `COLUMN_NAME` varchar(500) DEFAULT NULL,
                           `DATA_TYPE` varchar(500) DEFAULT NULL,
                           `LENGTH` varchar(500) DEFAULT NULL,
                           `DATA_DEFAULT` varchar(500) DEFAULT NULL,
                           `CREATE_TIME` bigint(20) DEFAULT NULL,
                           `PK` int(11) DEFAULT NULL,
                           `DATA_ISNULL` int(11) DEFAULT NULL,
                           PRIMARY KEY (`ID`)
) ENGINE=InnoDB DEFAULT CHARSET=utf8;
/*!40101 SET character_set_client = @saved_cs_client */;

--
-- Dumping data for table `COLUMNS`
--

# INSERT INTO `COLUMNS` VALUES ('20220706103945100104646697774897','20220705204509173538731035593448',1000,10000,'id','VARCHAR','32',NULL,1657075185100,1,0),('20220706103945102653493280786944','20220705204509173538731035593448',1000,10000,'updatetime','BIGINT','',NULL,1657075185103,0,1),('20220706103945104231942991867743','20220705204509173538731035593448',1000,10000,'amount','DECIMAL','18,2','0.0',1657075185105,0,1),('20220707124050661188845539407221','20220705204509173538731035593448',1000,10000,'comid','VARCHAR','32',NULL,1657168850662,0,0),('20220707160722966656540266009226','20220705204509173538731035593448',1000,10000,'date1','VARCHAR','32',NULL,1657181242967,0,0),('20220708150914598416602341987900','20220705204509173538731035593448',1000,10012,'id','VARCHAR','32',NULL,1657264154599,1,0),('20220708150914601884771154250032','20220705204509173538731035593448',1000,10012,'comid','VARCHAR','32',NULL,1657264154601,0,0),('20220708150914603200353494812624','20220705204509173538731035593448',1000,10012,'date1','VARCHAR','32',NULL,1657264154604,0,0),('20220708150914606788711889209962','20220705204509173538731035593448',1000,10012,'updatetime','BIGINT','',NULL,1657264154606,0,1),('20220708150914608132233642208037','20220705204509173538731035593448',1000,10012,'amount','DECIMAL','18,2',NULL,1657264154609,0,1),('20220718102727458661566911451988','20220705204509173538731035593448',1000,10013,'id','VARCHAR','32',NULL,1658111247459,1,NULL),('20220718102727462175896255699340','20220705204509173538731035593448',1000,10013,'comid','VARCHAR','32',NULL,1658111247463,0,NULL),('20220718102727466474923079170230','20220705204509173538731035593448',1000,10013,'date1','DATETIME','',NULL,1658111247467,0,NULL),('20220718102727470133138462775430','20220705204509173538731035593448',1000,10013,'updatetime','BIGINT','',NULL,1658111247471,0,NULL),('20220718102727473187029589940659','20220705204509173538731035593448',1000,10013,'state','INT','',NULL,1658111247474,0,NULL),('20220718102727476777991226760157','20220705204509173538731035593448',1000,10013,'amount','DECIMAL','18,2',NULL,1658111247476,0,NULL),('20220718104907888210140232555563','20220705204509173538731035593448',1000,10014,'id','VARCHAR','32',NULL,1658112547889,1,NULL),('20220718104907891211098013666645','20220705204509173538731035593448',1000,10014,'comid','VARCHAR','32',NULL,1658112547892,0,NULL),('20220718104907894266375755561326','20220705204509173538731035593448',1000,10014,'billtime','DATETIME','',NULL,1658112547894,0,NULL),('20220718104907896794890597286333','20220705204509173538731035593448',1000,10014,'billdate','DATE','',NULL,1658112547897,0,NULL),('20220718104907899877676111572762','20220705204509173538731035593448',1000,10014,'bigstate','BIGINT','',NULL,1658112547900,0,NULL),('20220718104907902734619065675978','20220705204509173538731035593448',1000,10014,'state','INT','',NULL,1658112547903,0,NULL),('20220718104907904414429784235869','20220705204509173538731035593448',1000,10014,'price','FLOAT','',NULL,1658112547905,0,NULL),('20220718104907907254507944741879','20220705204509173538731035593448',1000,10014,'price2','DOUBLE','',NULL,1658112547908,0,NULL),('20220718104907910894567229544339','20220705204509173538731035593448',1000,10014,'amount','DECIMAL','18,2',NULL,1658112547910,0,NULL),('20220718104907912457099018407128','20220705204509173538731035593448',1000,10014,'isv','BOOLEAN','',NULL,1658112547913,0,NULL),('20220721171850661874158391545256','20220705204509173538731035593448',1000,10015,'v_uuid','VARCHAR','100',NULL,1658395130662,1,0),('20220721171850662406152223044759','20220705204509173538731035593448',1000,10015,'company_id','VARCHAR','100',NULL,1658395130662,0,0),('20220721171850663618446326675656','20220705204509173538731035593448',1000,10015,'id','BIGINT','',NULL,1658395130664,0,1),('20220721171850664804251382187270','20220705204509173538731035593448',1000,10015,'zid','INT','',NULL,1658395130665,0,1),('20220721171850665773810752228700','20220705204509173538731035593448',1000,10015,'sid','INT','',NULL,1658395130665,0,1),('20220721171850666829092322686685','20220705204509173538731035593448',1000,10015,'snapshot_date','VARCHAR','100',NULL,1658395130666,0,1),('20220721171850667743583528041826','20220705204509173538731035593448',1000,10015,'snapshot_date_locale','VARCHAR','100',NULL,1658395130667,0,1),('20220721171850667769743052426910','20220705204509173538731035593448',1000,10015,'snapshot_date_timestamp','VARCHAR','100',NULL,1658395130668,0,1),('20220721171850668784344517545392','20220705204509173538731035593448',1000,10015,'snapshot_date_report','DATETIME','',NULL,1658395130668,0,1),('20220721171850669485626073040284','20220705204509173538731035593448',1000,10015,'fnsku','VARCHAR','100',NULL,1658395130669,0,1),('20220721171850670709960796893027','20220705204509173538731035593448',1000,10015,'sku','VARCHAR','100',NULL,1658395130670,0,1),('20220721171850670808790672246694','20220705204509173538731035593448',1000,10015,'product_name','VARCHAR','100',NULL,1658395130671,0,1),('20220721171850671439241672952365','20220705204509173538731035593448',1000,10015,'quantity','INT','',NULL,1658395130671,0,1),('20220721171850672613358586422282','20220705204509173538731035593448',1000,10015,'fulfillment_center_id','VARCHAR','100',NULL,1658395130672,0,1),('20220721171850673121019382762365','20220705204509173538731035593448',1000,10015,'detailed_disposition','VARCHAR','100',NULL,1658395130673,0,1),('20220721171850674239249334503674','20220705204509173538731035593448',1000,10015,'country','VARCHAR','100',NULL,1658395130674,0,1),('20220721171850675850838296016712','20220705204509173538731035593448',1000,10015,'unique_index','INT','',NULL,1658395130675,0,1),('20220721171850676732171485050617','20220705204509173538731035593448',1000,10015,'gmt_modified','DATETIME','',NULL,1658395130676,0,1),('20220721171850677766180759110666','20220705204509173538731035593448',1000,10015,'gmt_create','DATETIME','',NULL,1658395130677,0,1);

--
-- Table structure for table `NAMESPACE`
--

DROP TABLE IF EXISTS `NAMESPACE`;
/*!40101 SET @saved_cs_client     = @@character_set_client */;
/*!40101 SET character_set_client = utf8 */;
CREATE TABLE `NAMESPACE` (
                             `ID` varchar(32) NOT NULL,
                             `NAMESPACE_NAME` varchar(500) DEFAULT NULL,
                             `CREATE_TIME` bigint(20) DEFAULT NULL,
                             PRIMARY KEY (`ID`)
) ENGINE=InnoDB DEFAULT CHARSET=utf8;
/*!40101 SET character_set_client = @saved_cs_client */;

--
-- Dumping data for table `NAMESPACE`
--

# INSERT INTO `NAMESPACE` VALUES ('20220705204509173538731035593448','default_cluster',1657025109174);

--
-- Table structure for table `PARTITION_BUCKETS`
--

DROP TABLE IF EXISTS `PARTITION_BUCKETS`;
/*!40101 SET @saved_cs_client     = @@character_set_client */;
/*!40101 SET character_set_client = utf8 */;
CREATE TABLE `PARTITION_BUCKETS` (
                                     `ID` varchar(32) NOT NULL,
                                     `PARTITION_BUCKETS_NAMESPACE` varchar(500) DEFAULT NULL,
                                     `PARTITION_BUCKETS_SCHEMA` varchar(500) DEFAULT NULL,
                                     `PARTITION_BUCKETS_TABLE` varchar(500) DEFAULT NULL,
                                     `PARTITION_BUCKETS_COLUMN` varchar(500) DEFAULT NULL,
                                     `PARTITION_BUCKETS_COUNT` int(11) DEFAULT NULL,
                                     `CREATE_TIME` bigint(20) DEFAULT NULL,
                                     `PARTITION_BUCKETS_DATA` varchar(500) DEFAULT NULL,
                                     `PARALLELISM` int(11) DEFAULT NULL,
                                     PRIMARY KEY (`ID`)
) ENGINE=InnoDB DEFAULT CHARSET=utf8;
/*!40101 SET character_set_client = @saved_cs_client */;

--
-- Dumping data for table `PARTITION_BUCKETS`
--

# INSERT INTO `PARTITION_BUCKETS` VALUES ('1','default_cluster','xdb','xdb_t1','comid',5,1,'C01',2),('20220726191523360480161511651696',NULL,'xdb','fba_daily_inventory_history_report_mws','company_id',5,1658834123360,'9013566508965471',2),('20220726191537267809931621561923',NULL,'xdb','fba_daily_inventory_history_report_mws','company_id',5,1658834137267,'9013566508965472',2),('20220726191549479521902883122610',NULL,'xdb','fba_daily_inventory_history_report_mws','company_id',5,1658834149479,'9013566508965473',2),('20220727162553839865509409422334',NULL,'xdb','fba_daily_inventory_history_report_mws','company_id',1,1658910353839,'C90000000000000012017',1),('20220727162553890666840086393591',NULL,'xdb','fba_daily_inventory_history_report_mws','company_id',1,1658910353890,'C90000000000000012018',1),('20220727162553939727953973974554',NULL,'xdb','fba_daily_inventory_history_report_mws','company_id',1,1658910353939,'C90000000000000012019',1),('20220727162553988201117132771348',NULL,'xdb','fba_daily_inventory_history_report_mws','company_id',1,1658910353989,'C90000000000000012020',1),('20220727162554034954631429300967',NULL,'xdb','fba_daily_inventory_history_report_mws','company_id',1,1658910354034,'C90000000000000012021',1),('20220727162554077446973383670991',NULL,'xdb','fba_daily_inventory_history_report_mws','company_id',1,1658910354077,'C90000000000000012022',1),('20220727162554123381131808161219',NULL,'xdb','fba_daily_inventory_history_report_mws','company_id',1,1658910354123,'C90000000000000012023',1),('20220727162554172498783762890619',NULL,'xdb','fba_daily_inventory_history_report_mws','company_id',1,1658910354172,'C90000000000000012024',1),('20220727162554221240756987041459',NULL,'xdb','fba_daily_inventory_history_report_mws','company_id',1,1658910354221,'C90000000000000012025',1),('20220727162554879854850538966827',NULL,'xdb','fba_daily_inventory_history_report_mws','company_id',1,1658910354879,'C90000000000000012026',1);

--
-- Table structure for table `PARTITION_RANGE`
--

DROP TABLE IF EXISTS `PARTITION_RANGE`;
/*!40101 SET @saved_cs_client     = @@character_set_client */;
/*!40101 SET character_set_client = utf8 */;
CREATE TABLE `PARTITION_RANGE` (
                                   `ID` varchar(32) NOT NULL,
                                   `PARTITION_RANGE_NAMESPACE` varchar(500) DEFAULT NULL,
                                   `PARTITION_RANGE_SCHEMA` varchar(500) DEFAULT NULL,
                                   `PARTITION_RANGE_TABLE` varchar(500) DEFAULT NULL,
                                   `PARTITION_RANGE_COLUMNS` varchar(500) DEFAULT NULL,
                                   `PARTITION_RANGE_START` varchar(500) DEFAULT NULL,
                                   `PARTITION_RANGE_END` varchar(500) DEFAULT NULL,
                                   `PARTITION_RANGE_FUNCTION` varchar(500) DEFAULT NULL,
                                   `DATA_COUNT` bigint(20) DEFAULT NULL,
                                   `CREATE_TIME` bigint(20) DEFAULT NULL,
                                   PRIMARY KEY (`ID`)
) ENGINE=InnoDB DEFAULT CHARSET=utf8;
/*!40101 SET character_set_client = @saved_cs_client */;

--
-- Dumping data for table `PARTITION_RANGE`
--


--
-- Table structure for table `PARTITION_VALUE`
--

DROP TABLE IF EXISTS `PARTITION_VALUE`;
/*!40101 SET @saved_cs_client     = @@character_set_client */;
/*!40101 SET character_set_client = utf8 */;
CREATE TABLE `PARTITION_VALUE` (
                                   `ID` varchar(32) NOT NULL,
                                   `PARTITION_VALUE_NAMESPACE` varchar(500) DEFAULT NULL,
                                   `PARTITION_VALUE_SCHEMA` bigint(20) DEFAULT NULL,
                                   `PARTITION_VALUE_TABLE` bigint(20) DEFAULT NULL,
                                   `PARTITION_VALUE_NAME` varchar(500) DEFAULT NULL,
                                   `PARTITION_VALUE_DATA` varchar(500) DEFAULT NULL,
                                   `DATA_COUNT` bigint(20) DEFAULT NULL,
                                   `CREATE_TIME` bigint(20) DEFAULT NULL,
                                   PRIMARY KEY (`ID`)
) ENGINE=InnoDB DEFAULT CHARSET=utf8;
/*!40101 SET character_set_client = @saved_cs_client */;

--
-- Dumping data for table `PARTITION_VALUE`
--

# INSERT INTO `PARTITION_VALUE` VALUES ('20220707152928002802918710634556','20220705204509173538731035593448',1000,10000,'C012020','C01,2020',NULL,1657178968003),('20220707152928004288574625308748','20220705204509173538731035593448',1000,10000,'C012021','C01,2021',NULL,1657178968006),('20220707152928007589888714754766','20220705204509173538731035593448',1000,10000,'C022020','C02,2020',NULL,1657178968014),('20220709102417588192710512701278','20220705204509173538731035593448',1000,10012,'C022021','C02,2021',0,1657333457589),('20220709102459157142858576007336','20220705204509173538731035593448',1000,10012,'C032021','C03,2021',0,1657333499157),('20220709210152307714631070916110','20220705204509173538731035593448',1000,10000,'C012022','C01,2022',0,1657371712309),('20220710092123460758596362300727','20220705204509173538731035593448',1000,10012,'C012022','C01,2022',0,1657416083467),('20220718112437593507758212432464','20220705204509173538731035593448',1000,10014,'C012021','C01,2021',0,1658114677593),('20220718133009149503240424053557','20220705204509173538731035593448',1000,10014,'C012022','C01,2022',0,1658122209150),('20220720093402214396244952273548','20220705204509173538731035593448',1000,10014,'C012020','C01,2020',0,1658280842219),('20220722155435200889317283222507','20220705204509173538731035593448',1000,10015,'12019','9013566508965471,2019',0,1658476475206),('20220722155435248355359314336859','20220705204509173538731035593448',1000,10015,'22019','9013566508965472,2019',0,1658476475248),('20220722155435255593084915237764','20220705204509173538731035593448',1000,10015,'32019','9013566508965473,2019',0,1658476475255),('20220722155435270125384930544463','20220705204509173538731035593448',1000,10015,'12020','9013566508965471,2020',0,1658476475271),('20220722155435277918977163540169','20220705204509173538731035593448',1000,10015,'22020','9013566508965472,2020',0,1658476475277),('20220722155435284359328459704732','20220705204509173538731035593448',1000,10015,'32020','9013566508965473,2020',0,1658476475284),('20220722155435290322936374250088','20220705204509173538731035593448',1000,10015,'12021','9013566508965471,2021',0,1658476475291),('20220722155435297533053036649403','20220705204509173538731035593448',1000,10015,'22021','9013566508965472,2021',0,1658476475298),('20220722155436602599078621186973','20220705204509173538731035593448',1000,10015,'32021','9013566508965473,2021',0,1658476476603),('20220727162547954117686275337289','20220705204509173538731035593448',1000,10015,'C90000000000000012017','9000000000000001,2017',0,1658910347954),('20220727162548003488800039387987','20220705204509173538731035593448',1000,10015,'C90000000000000012018','9000000000000001,2018',0,1658910348003),('20220727162548049536085948666278','20220705204509173538731035593448',1000,10015,'C90000000000000012019','9000000000000001,2019',0,1658910348049),('20220727162548094170930714060458','20220705204509173538731035593448',1000,10015,'C90000000000000012020','9000000000000001,2020',0,1658910348094),('20220727162548139225022098858002','20220705204509173538731035593448',1000,10015,'C90000000000000012021','9000000000000001,2021',0,1658910348139),('20220727162548187416560023039734','20220705204509173538731035593448',1000,10015,'C90000000000000012022','9000000000000001,2022',0,1658910348188),('20220727162548234365194882557920','20220705204509173538731035593448',1000,10015,'C90000000000000012023','9000000000000001,2023',0,1658910348234),('20220727162548288715597553545130','20220705204509173538731035593448',1000,10015,'C90000000000000012024','9000000000000001,2024',0,1658910348288),('20220727162548335292481651331508','20220705204509173538731035593448',1000,10015,'C90000000000000012025','9000000000000001,2025',0,1658910348336),('20220727162549129133891689145634','20220705204509173538731035593448',1000,10015,'C90000000000000012026','9000000000000001,2026',0,1658910349130);

--
-- Table structure for table `RESOURCES`
--

DROP TABLE IF EXISTS `RESOURCES`;
/*!40101 SET @saved_cs_client     = @@character_set_client */;
/*!40101 SET character_set_client = utf8 */;
CREATE TABLE `RESOURCES` (
                             `ID` varchar(32) NOT NULL,
                             `RESOURCES_FILE` varchar(500) DEFAULT NULL,
                             `RESOURCES_BUCKETS` varchar(500) DEFAULT NULL,
                             `CREATE_TIME` bigint(20) DEFAULT NULL,
                             PRIMARY KEY (`ID`)
) ENGINE=InnoDB DEFAULT CHARSET=utf8;
/*!40101 SET character_set_client = @saved_cs_client */;

--
-- Dumping data for table `RESOURCES`
--


--
-- Table structure for table `SCHEMATA`
--

DROP TABLE IF EXISTS `SCHEMATA`;
/*!40101 SET @saved_cs_client     = @@character_set_client */;
/*!40101 SET character_set_client = utf8 */;
CREATE TABLE `SCHEMATA` (
                            `ID` bigint(20) NOT NULL,
                            `SCHEMA_NAMESPACE` varchar(500) DEFAULT NULL,
                            `SCHEMA_NAME` varchar(500) DEFAULT NULL,
                            `CREATE_TIME` bigint(20) DEFAULT NULL,
                            PRIMARY KEY (`ID`)
) ENGINE=InnoDB DEFAULT CHARSET=utf8;
/*!40101 SET character_set_client = @saved_cs_client */;

--
-- Dumping data for table `SCHEMATA`
--

# INSERT INTO `SCHEMATA` VALUES (1000,'20220705204509173538731035593448','xdb',1657027136111);

--
-- Table structure for table `TABLES`
--

DROP TABLE IF EXISTS `TABLES`;
/*!40101 SET @saved_cs_client     = @@character_set_client */;
/*!40101 SET character_set_client = utf8 */;
CREATE TABLE `TABLES` (
                          `ID` bigint(20) NOT NULL AUTO_INCREMENT,
                          `TABLE_NAMESPACE` varchar(500) DEFAULT NULL,
                          `TABLE_SCHEMA` varchar(500) DEFAULT NULL,
                          `TABLE_NAME` varchar(500) DEFAULT NULL,
                          `WE_GROUP_ID` varchar(32) DEFAULT NULL,
                          `DATA_COUNT` bigint(20) DEFAULT NULL,
                          `CREATE_SQL` varchar(5000) DEFAULT NULL,
                          `CREATE_TIME` bigint(20) DEFAULT NULL,
                          `UPDATE_TIME` bigint(20) DEFAULT NULL,
                          PRIMARY KEY (`ID`)
) ENGINE=InnoDB AUTO_INCREMENT=10016 DEFAULT CHARSET=utf8;
/*!40101 SET character_set_client = @saved_cs_client */;

--
-- Dumping data for table `TABLES`
--

# INSERT INTO `TABLES` VALUES (10000,'20220705204509173538731035593448','1000','xdb_t1','20220616123153717164317911335658',0,NULL,1657075185097,1657075185097),(10012,'20220705204509173538731035593448','1000','xdb_t2','20220616123153717164317911335658',0,NULL,1657264154594,1657264154594),(10013,'20220705204509173538731035593448','1000','xdb_t3','20220616123153717164317911335658',0,NULL,1658111247446,1658111247446),(10014,'20220705204509173538731035593448','1000','xdb_t4','20220616123153717164317911335658',0,NULL,1658112547879,1658112547879),(10015,'20220705204509173538731035593448','1000','fba_daily_inventory_history_report_mws','20220616123153717164317911335658',0,NULL,1658395130659,1658395130659);

--
-- Table structure for table `TABLES_PARTITION`
--

DROP TABLE IF EXISTS `TABLES_PARTITION`;
/*!40101 SET @saved_cs_client     = @@character_set_client */;
/*!40101 SET character_set_client = utf8 */;
CREATE TABLE `TABLES_PARTITION` (
                                    `ID` varchar(32) NOT NULL,
                                    `TABLE_PARTITION_NAMESPACE` varchar(500) DEFAULT NULL,
                                    `TABLE_PARTITION_SCHEMA` varchar(500) DEFAULT NULL,
                                    `TABLE_PARTITION_TABLE` varchar(500) DEFAULT NULL,
                                    `TABLE_PARTITION_COLUMN` varchar(500) DEFAULT NULL,
                                    `TABLE_PARTITION_TYPE` int(11) DEFAULT NULL,
                                    `TABLE_PARTITION_LEVEL` int(11) DEFAULT NULL,
                                    `TABLE_PARTITION_SQL` varchar(5000) DEFAULT NULL,
                                    `CREATE_TIME` bigint(20) DEFAULT NULL,
                                    `TABLE_PARTITION_FUNCTION` varchar(500) DEFAULT NULL,
                                    PRIMARY KEY (`ID`)
) ENGINE=InnoDB DEFAULT CHARSET=utf8;
/*!40101 SET character_set_client = @saved_cs_client */;

--
-- Dumping data for table `TABLES_PARTITION`
--

# INSERT INTO `TABLES_PARTITION` VALUES ('20220707160722978471326386580485','20220705204509173538731035593448','1000','10000','comid',1,1,NULL,1657181242980,''),('20220707160722982733584686502800','20220705204509173538731035593448','1000','10000','date1',1,2,NULL,1657181242988,''),('20220708150914610641972132856405','20220705204509173538731035593448','1000','10012','comid',1,1,NULL,1657264154611,''),('20220708150914612851319648628341','20220705204509173538731035593448','1000','10012','date1',1,2,NULL,1657264154613,''),('20220718102727478272159803566619','20220705204509173538731035593448','1000','10013','comid',1,1,NULL,1658111247479,''),('20220718102727481354232314378668','20220705204509173538731035593448','1000','10013','date1',1,2,NULL,1658111247482,''),('20220718104907915187501903596061','20220705204509173538731035593448','1000','10014','comid',1,1,NULL,1658112547915,''),('20220718104907915187501903596062','20220705204509173538731035593448','1000','10014','billtime',1,2,NULL,1658112547915,'year'),('20220721171850678912601787071635','20220705204509173538731035593448','1000','10015','company_id',1,1,NULL,1658395130678,''),('20220721171850679358101299751848','20220705204509173538731035593448','1000','10015','snapshot_date_report',1,2,NULL,1658395130679,'year');

--
-- Table structure for table `WE`
--

DROP TABLE IF EXISTS `WE`;
/*!40101 SET @saved_cs_client     = @@character_set_client */;
/*!40101 SET character_set_client = utf8 */;
CREATE TABLE `WE` (
                      `ID` varchar(32) NOT NULL,
                      `WE_IP` varchar(500) DEFAULT NULL,
                      `CREATE_TIME` bigint(20) DEFAULT NULL,
                      `BUCKET_BEGIN` bigint(20) DEFAULT NULL,
                      `BUCKET_END` bigint(20) DEFAULT NULL,
                      `WE_NAME` varchar(500) DEFAULT NULL,
                      `SYN_TIME` bigint(20) DEFAULT NULL,
                      `STATE` int(11) DEFAULT NULL,
                      PRIMARY KEY (`ID`)
) ENGINE=InnoDB DEFAULT CHARSET=utf8;
/*!40101 SET character_set_client = @saved_cs_client */;

--
-- Dumping data for table `WE`
--

# INSERT INTO `WE` VALUES ('20220727145831218706149213106939','10.49.1.34',1658905111218,0,999,'WE1',1658905920224,1);

--
-- Table structure for table `WE_GROUP`
--

DROP TABLE IF EXISTS `WE_GROUP`;
/*!40101 SET @saved_cs_client     = @@character_set_client */;
/*!40101 SET character_set_client = utf8 */;
CREATE TABLE `WE_GROUP` (
                            `ID` varchar(32) NOT NULL,
                            `CREATE_TIME` bigint(20) DEFAULT NULL,
                            `WE_GROUP_IP` varchar(500) DEFAULT NULL,
                            PRIMARY KEY (`ID`)
) ENGINE=InnoDB DEFAULT CHARSET=utf8;
/*!40101 SET character_set_client = @saved_cs_client */;

--
-- Dumping data for table `WE_GROUP`
--

# INSERT INTO `WE_GROUP` VALUES ('20220616123153717164317911335658',1655353913717,'192.168.1.111');

--
-- Table structure for table `WE_GROUP_WE`
--

DROP TABLE IF EXISTS `WE_GROUP_WE`;
/*!40101 SET @saved_cs_client     = @@character_set_client */;
/*!40101 SET character_set_client = utf8 */;
CREATE TABLE `WE_GROUP_WE` (
                               `ID` varchar(32) NOT NULL,
                               `WE_GROUP_ID` varchar(500) DEFAULT NULL,
                               `WE_ID` varchar(500) DEFAULT NULL,
                               `CREATE_TIME` bigint(20) DEFAULT NULL,
                               PRIMARY KEY (`ID`)
) ENGINE=InnoDB DEFAULT CHARSET=utf8;
/*!40101 SET character_set_client = @saved_cs_client */;

--
-- Dumping data for table `WE_GROUP_WE`
--

# INSERT INTO `WE_GROUP_WE` VALUES ('20220616123153731745451989579009','20220616123153717164317911335658','20220616123153726495530434166672',1655353913731),('A02','A02','A02',NULL);

--
-- GTID state at the end of the backup
--

-- Dump completed on 2022-07-28 17:19:12



